AF,Afganistan,Afghanistan,Afganistán,Afghanistan
AX,Illes Aland,Aland Islands,Islas Aland,Isole Aland
AL,Albània,Albania,Albania,Albania
DZ,Algèria,Algeria,Algeria,Algeria
AS,Samora Americana,American Samora,Samora Americana,Americana Samora
AD,Andorra,Andorra,Andorra,Andorra
AO,Angola,Angola,Angola,Angola
AI,Anguilla,Anguilla,Anguilla,Anguilla
AQ,Antartida,Antarctica,Antartida,Antartide
AG,Antigua i Barbuda,Antigua and Barbuda,Antigua y Barbuda,Antigua e Barbuda
AR,Argentina,Argentina,Argentina,Argentina
AM,Armènia,Armenia,Armenia,Armenia
AW,Aruba,Aruba,Aruba,Aruba
AU,Austràlia,Australia,Australia,Australia
AT,Àustria,Austria,Austria,Austria
AZ,Azerbayan,Azerbaijan,Azerbayan,Azerbaijan
BS,Bahames,Bahamas,Bahamas,Bahamas
BH,Bahrain,Bahrain,Bahrain,Bahrain
BD,Bangla Desh,Bangladesh,Bangladesh,Bangladesh
BB,Barbados,Barbados,Barbados,Barbados
BY,Belarus,Belarus,Belarus,Bielorussia
BE,Bèlgica,Belgium,Belgica,Belgio
BZ,Belize,Belize,Belice,Belize
BJ,Benín,Benin,Benin,Benin
BM,Bermuda,Bermuda,Bermuda,Bermuda
BT,Bhutan,Bhutan,Bhutan,Bhutan
BO,Bolívia - Estat Plurinacional de,Bolivia - Plurinational State of,Bolivia - Estado Plurinacional de,Bolivia - Stato Plurinazionale della
BQ,Bonaire - Sant Eustaqui i Saba,Bonaire - Sint Eustatius and Saba,Bonaire - San Eustaquio y Saba,Bonaire - Sint Eustatius e Saba
BA,Bòsnia Hercegovina,Bosnia Herzegovina,Bosnia Herzegovina,Bosnia Erzegovina
BW,Botswana,Botswana,Botswana,Botswana
BV,Illa Bouvet,Bouvet Island,Isla Bouvet,Isola Bouvet
BR,Brasil,Brazil,Brasil,Brasile
IO,Territori Oceànic de les Índies Britàniques,Territory British Indian Ocean,Territorio Oceánico de las Indias Británicas,Territorio britannico dell'Oceano Indiano
BN,Brunei,Brunei Darussalam,Brunei Darussalam,Brunei Darussalam
BG,Bulgària,Bulgaria,Bulgaria,Bulgaria
BF,Burkina Faso,Burkina Faso,Burkina Faso,Burkina Faso
BI,Burundi,Burundi,Burundi,Burundi
KH,Cambodja,Cambodia,Camboya,Cambogia
CM,Camerun,Cameroon,Camerún,Camerun
CA,Canadà,Canada,Canadá,Canada
CV,Cap Verd,Cape Verde,Cabo Verde,Capo Verde
KY,Illes Caiman,Cayman Islands,Islas Caimán,Isole Cayman
CF,República Àfrica Central,Central Africa Republic,República Africa Central,Repubblica Centrafricana
TD,Txad,Chad,Chad,Chad
CL,Xile,Chile,Chile,Chile
CN,Xina,China,China,Porcellana
CX,Illes Nativitat,Natividad Islands,Islas Natividad,Natividad Isole
CC,Illes Cocos (Keeling),Cocos (Keeling),Islas Cocos (Keeling),Cocos (Keeling)
CO,Colòmbia,Colombia,Colombia,Colombia
KM,Comores,Comoros,Comoros,Comore
CG,Congo,Congo,Congo,Congo
CD,Congo - República Democràtica del,Congo - Democratic Republic of,Congo - República Democrática del,Congo - Repubblica Democratica del
CK,Illes Cook,Cook Islands,Islas Cook,Cook Islands
CR,Costa Rica,Costa Rica,Costa Rica,Costarica
CI,Costa d'Ivori,Ivory Coast,Costa de Marfil,Costa d'Avorio
HR,Croàcia,Croatia,Croacia,Croazia
CU,Cuba,Cuba,Cuba ,Cuba
CW,Curaçao,Curaçao,Curaçao,Curaçao
CY,Xipre,Cyprus,Chipre,Cipro
CZ,República Txeca,Czech Republic,República Checa,Repubblica Ceca
DK,Dinamarca,Denmark,Dinamarca,Danimarca
DJ,Djibouti,Djibouti,Djibouti,Gibuti
DM,Dominica,Dominica,Dominica,Dominica
DO,República Dominicana,Dominican Republic,República Dominicana,Repubblica Dominicana
EC,Equador,Ecuador,Ecuador,Ecuador
EG,Egipte,Egypt,Egipto,Egitto
SV,El Salvador,El Salvador,El Salvador,El Salvador
GQ,Guinea Equatorial,Equatorial Guinea,Guinea Ecuatorial,Guinea Equatoriale
ER,Eritrea,Eritrea,Eritrea,Eritrea
EE,Estònia,Estonia,Estonia,Estonia
ET,Etiòpia,Ethiopia,Etiopía,Etiopia
FK,Illa Malvines (Falkland),Isla Malvinas (Falkland),Isla Malvinas (Falkland),Isla Malvinas (Falkland)
FO,Illes Fèroe,Faroe Islands,Islas Faroe,Faroe Islands
FJ,Fiji,Fiji,Fiji,Fiji
FI,Finlàndia,Finland,Finlandia,Finlandia
FR,França,France,Francia,Francia
GF,Guaiana Francesa,French Guiana,Guayana Francesa,Guyana Francese
PF,Polinèsia Francesa,French Polynesia,Polinesia Francesa,Polinesia Francese
TF,Territoris del Sud Francesos,French Southern Territories,Territorios del Sur Franceses,Territori Francesi del Sud
GA,Gabon,Gabon,Gabón,Gabon
GM,Gàmbia,Gambia,Gambia,Gambia
GE,Geòrgia,Georgia,Georgia,Georgia
DE,Alemanya,Germany,Alemania,Germania
GH,Ghana,Ghana,Ghana,Ghana
GI,Gibraltar,Gibraltar,Gibraltar,Gibilterra
GR,Grècia,Greece,Grecia,Grecia
GL,Groenlàndia,Greenland,Groenlandia,Groenlandia
GD,Granada,Granada,Granada,Granada
GP,Guadalupe,Guadalupe,Guadalupe,Guadalupe
GU,Guam,Guam,Guam,Guam
GT,Guatemala,Guatemala,Guatemala,Guatemala
GG,Guernsey,Guernsey,Guernsey,Maglione
GN,Guinea,Guinea,Guinea,Guinea
GW,Guinea Bissau,Guinea-Bissau,Guinea-Bissau,Guinea-Bissau
GY,Guaiana,Guyana,Guayana,Guyana
HT,Haiti,Haiti,Haiti,Haiti
HM,Illes McDonald i Heard,Heard and McDonald Islands,Islas McDonald y Heard,Isole Heard e McDonald
VA,Santa Seu (Ciutat Estat del Vaticà),Holy See (Vatican City State),Santa Sede (Ciudad Estado del Vaticano),Santa Sede (Città del Vaticano)
HN,Hondures,Honduras,Honduras,Honduras
HK,Hong Kong,Hong Kong,Hong Kong,Hong Kong
HU,Hongria,Hungary,Hungría,Ungheria
IS,Islàndia,Iceland,Islandia,Islanda
IN,Índia,India,India,India
ID,Indonèsia,Indonesia,Indonesia,Indonesia
IR,Iran - República Islàmica de,Iran - Islamic Republic of,Iran - República Islámica de,Iran - Repubblica Islamica di
IQ,Iraq,Iraq,Iraq,Iraq
IE,Irlanda,Ireland,Irlanda,Irlanda
IM,Illa de Man,Isle of Man,Isla de Man,Isola di Man
IL,Israel,Israel,Israel,Israele
IT,Itàlia,Italy,Italia,Italia
JM,Jamaica,Jamaica,Jamaica,Giamaica
JP,Japó,Japan,Japón,Giappone
JE,Jersey,Jersey,Jersey,Maglia
JO,Jordània,Jordan,Jordania,Giordania
KZ,Kazajhstan,Kazajhstan,Kazajhstan,Kazajhstan
KE,Kenya,Kenya,Kenia,Kenia
KI,Kiribati,Kiribati,Kiribati,Kiribati
KP,Corea - República Democràtica Popular de,Korea - DPR,Corea - República Democrática Popular de,Corea - DPR
KR,Corea - República de,Korea - Republic of,Corea - República de,Corea - Repubblica di
KW,Kuwait,Kuwait,Kuwait,Kuwait
KG,Kyrgyzstan,Kyrgyzstan,Kyrgyzstan,Kirghizistan
LA,República Democràtica Popular de Laos,Lao People's Democratic Republic,República Democrática Popular de Laos,Democratica popolare del Laos
LV,Letònia,Latvia,Latvia,Lettonia
LB,Líban,Lebanon,Líbano,Libano
LS,Lesotho,Lesotho,Lesoto,Lesoto
LR,Libèria,Liberia,Liberia,Liberia
LY,Líbia,Libya,Libia,Libia
LI,Liechstenstein,Liechtenstein,Liechstenstein,Liechtenstein
LT,Lituània,Lithuania,Lituania,Lituania
LU,Luxemburg,Luxembourg,Luxemburgo,Lussemburgo
MO,Macau,Macao,Macao,Macao
MK,Macedònia - Antiga República Iugoslava de,Macedonia - Former Yugoslav Republic of,Macedonia - Antigua República Yugoslava de ,Macedonia - Ex Repubblica iugoslava di
MG,Madagascar,Madagascar,Madagascar,Madagascar
MW,Malawi,Malawi,Malawi,Malawi
MY,Malàisia,Malaysia,Malasia,Malaysia
MV,Maldives,Maldives,Maldivas,Maldive
ML,Mali,Mali,Mali,Mali
MT,Malta,Malta,Malta,Malta
MH,Illes Marshall,Marshall Islands,Islas Marshall,Isole Marshall
MQ,Martinica,Martinique,Martinica,Martinica
MR,Mauritània,Mauritania,Mauritania,Mauritania
MU,Maurici,Mauritius,Mauricio,Mauritius
YT,Mayote,Mayotte,Mayote,Mayotte
MX,Mèxic,Mexico,México,Messico
FM,Micronèsia - Estats Federats de,Micronesia - Federated States of,Micronesia - Estados Federados de,Micronesia - Stati Federati di
MD,Moldàvia - República de,Moldova - Republic of,Moldavia - República de,Moldova - Repubblica di
MC,Monaco,Monaco,Monaco,Monaco
MN,Mongòlia,Mongolia,Mongolia,Mongolia
ME,Montenegro,Montenegro,Montenegro,Montenegro
MS,Montserrat,Montserrat,Montserrat,Montserrat
MA,Marroc,Morocco,Marruecos,Marocco
MZ,Moçambic,Mozambique,Mozambique,Mozambico
MM,Mianmar,Myanmar,Mianmar,Myanmar
NA,Namíbia,Namibia,Namibia,Namibia
NR,Nauru,Nauru,Nauru,Nauru
NP,Nepal,Nepal,Nepal,Nepal
NL,Holanda,Holland,Holanda,Olanda
NC,Nova Caledònia,New Caledonia,Nueva Caledonia,Nuova Caledonia
NZ,Nova Zelanda,NZ,Nueva Zelanda,NZ
NI,Nicaragua,Nicaragua,Nicaragua,Nicaragua
NE,Níger,Niger,Niger,Niger
NG,Nigèria,Nigeria,Nigeria,Nigeria
NU,Niue,Niue,Niue,Niue
NF,Illa de Norfolk,Norfolk Islands,Islas Norfolk,Norfolk Isole
MP,Illes Mariannes del Nord,Northern Mariana Islands,Islas Marianas del Norte,Isole Mariana del Nord
NO,Noruega,Norway,Noruega,Norvegia
OM,Oman,Oman,Oman,Oman
PK,Pakistan,Pakistan,Paquistán,Pakistan
PW,Palau,Palau,Palau,Palau
PS,Palestina - Estat de,Palestine - State,Palestina - Estado de,Palestina - Stato
PA,Panamà,Panama,Panamá,Panama
PG,Papua Nova Guinea,Papua New Guinea,Papua Nueva Guinea,Papua Nuova Guinea
PY,Paraguai,Paraguay,Paraguay,Paraguay
PE,Perú,Peru,Perú,Perù
PH,Filipines,Philippines,Filipinas,Filippine
PN,Pitcairn,Pitcairn,Pitcairn,Pitcairn
PL,Polònia,Poland,Polonia,Polonia
PT,Portugal,Portugal,Portugal,Portogallo
PR,Port Ric,Puerto Rico,Puerto Rico,Puerto Rico
QA,Quatar,Quatar,Quatar,Quatar
RE,Reunió,Reunion,Reunion,Riunione
RO,Romania,Romania,Rumanía,Romania
RU,Federació Russa,Russian Federation,Federación Rusa,Federazione Russa
RW,Rwanda,Rwanda,Rwanda,Ruanda
BL,Sant Bartomeu,San Bartolomé,San Bartolomé,San Bartolomé
SH,Santa Helena - Assumpció i Tristán dóna Cunha,St. Helens - and Tristan da Cunha Assumption,Santa Helena - Asunción y Tristán da Cunha,St. Helens - e Tristan da Cunha Assunta
KN,Sant Kitts i Nevis,St. Kitts and Nevis,San Kitts y Nevis,St. Kitts e Nevis
LC,Santa Llúcia,St. Lucia,Santa Lucía,St. Lucia
MF,Sant Martí (Part Francesa),St. Martin (French side),San Martín (Parte Francesa),San Martino (lato francese)
PM,Sant Pere i Miquelon,Saint Pierre and Miquelon,San Pedro y Miguelón,Saint-Pierre e Miquelon
VC,Saint Vincent i les Grenadines,Saint Vincent and the Grenadines,San Vicente y las Granadinas,Saint Vincent e Grenadine
WS,Samoa,Samoa,Samoa,Samoa
SM,San Marino,San Marino,San Marino,San Marino
ST,Sant Vaig prendre i Príncep,Sao Tome and Principe,Santo Tomé y Principe,Sao Tome e Principe
SA,Aràbia Saudita,Saudi Arabia,Arabia Saudi,Arabia Saudita
SN,Senegal,Senegal,Senegal,Senegal
RS,Sèrbia,Serbia,Serbia,Serbia
SC,Seychelles,Seychelles,Seychelles,Seychelles
SL,Sierra Leone,Sierra Leone,Sierra Leona,Sierra Leone
SG,Singapur,Singapore,Singapur,Singapore
SX,Sant Martí (Part Alemanya),San Martin (German part),San Martín (Parte Alemana),San Martin (parte tedesca)
SK,Eslovàquia,Slovakia,Eslovaquia,Slovacchia
SI,Eslovènia,Slovenia,Eslovenia,Slovenia
SB,Illes Solomón,Solomon Islands,Islas Solomón,Isole Salomone
SO,Somàlia,Somalia,Somalia,Somalia
ZA,Sud-àfrica,South Africa,Sudáfrica,Sudafrica
GS,Geòrgia del Sud i les Illes Sandwich del Sud,South Georgia and South Sandwich Islands,Georgia del Sur y las Islas Sandwich del Sur,Georgia del Sud e Isole Sandwich del Sud
SS,Sudan del Sud,South Sudan,Sudán del Sur,Sud Sudan
ES,Espanya,Spain,España,Spagna
LK,Sri Lanka,Sri Lanka,Sri Lanka,Sri Lanka
SD,Sudan,Sudan,Sudán,Sudan
SR,Surinam,Suriname,Surinám,Suriname
SJ,Svalbard i Jan Mayen,Svalbard and Jan Mayen,Svalbard y Jan Mayen,Svalbard e Jan Mayen
SZ,Swazilàndia,Swaziland,Swazilandia,Swaziland
SE,Suècia,Sweden,Suecia,Svezia
CH,Suïssa,Switzerland,Suiza,Svizzera
SY,República Aràbiga de Síria,Arabic Republic of Syria,República Arábica de Siria,Repubblica Araba di Siria
TW,Taiwan - Província de la Xina,Taiwan - Province of China,Taiwan - Provincia de China,Taiwan - Provincia della Cina
TJ,Tayikistan,Tajikistan,Tayikistan,Tagikistan
TZ,Tanzània - República Unida de,Tanzania - United Republic of,Tanzania - República Unida de,Tanzania - Repubblica Unita di
TH,Tailàndia,Thailand,Tailandia,Thailandia
TL,Timor-Aquest,East Timor,Timor-Este,Timor Est
TG,Togo,Togo,Togo,Togo
TK,Tokelau,Tokelau,Tokelau,Tokelau
TO,Tonga,Tonga,Tonga,Tonga
TT,Trinitat i Tobago,Trinidad and Tobago,Trinidad y Tobago,Trinidad e Tobago
TN,Tunísia,Tunisia,Túnez,Tunisia
TR,Turquia,Turkey,Turquía,Turchia
TM,Turmekistán,Turmekistán,Turmekistán,Turmekistán
TC,Illes Turks i Caicos,Turks and Caicos,Islas Turks y Caicos,Turks e Caicos
TV,Tuvalu,Tuvalu,Tuvalu,Tuvalu
UG,Uganda,Uganda,Uganda,Uganda
UA,Ukraina,Ukraina,Ukraina,Ukraina
AE,Unió dels Emirats Àrabs Units,United Arab Emirates,Emiratos Arabes Unidos,Emirati Arabi Uniti
GB,Regne Unit,United Kingdom,Reino Unido,Regno Unito
US,Estats Units,U.S.,Estados Unidos,Stati Uniti
UM,Estats Units menys Territoris d'Ultramar,Least U.S. Overseas Territories,Estados Unidos menos Territorios de Ultramar,Meno territori d'oltremare degli Stati Uniti
UY,Uruguai,Uruguay,Uruguay,Uruguay
UZ,Uzbekistan,Uzbekistan,Uzbekistan,Uzbekistan
VU,Vanuatu,Vanuatu,Vanuatu,Vanuatu
VE,Veneçuela - República Bolivariana de,Venezuela - Bolivarian Republic of,Venezuela - República Bolivariana de,Venezuela - Repubblica Bolivariana del
VN,Vietnam,Vietnam,Vietnam,Vietnam
VG,Illes Verges Britàniques,BVI,Islas Vírgenes Británicas,BVI
VI,Illes Verges - U.S.,Virgin Islands - U.S.,Islas Vírgenes - U.S.,Isole Vergini - USA
WF,Wallis i Futuna,Wallis and Futuna,Wallis y Futuna,Wallis e Futuna
EH,Sàhara Occidental,Western Sahara,Sahara Occidental,Sahara occidentale
YE,Iemen,Yemen,Yemen,Yemen
ZM,Zàmbia,Zambia,Zambia,Zambia
ZW,Zimbabwe,Zimbabwe,Zimbawe,Zimbabwe
